{
    "prediction": 2.004830455177275e-06,
    "total_uncertainty": 0.29829877614974976,
    "prediction_interval": {
        "lower": 5.075514802637865e-07,
        "upper": 7.9190886250935e-06
    }
}